Num,Name,Type1,Type2,HP,Attack,Defense,SpAtk,SpDef,Speed,Generation,Legendary,Evolution
1,Abomasnow,Grass,Ice,90,92,75,92,85,60,4,FALSE,Snover
2,Abra,Psychic,,25,20,15,105,55,90,1,FALSE,
3,Absol,Dark,,65,130,60,75,60,75,3,FALSE,
4,Accelgor,Bug,,80,70,40,100,60,145,5,FALSE,Shelmet
5,Aegislash,Steel,Ghost,60,50,140,50,140,60,6,FALSE,Doublade
6,Aerodactyl,Rock,Flying,80,105,65,60,75,130,1,FALSE,
7,Aggron,Steel,Rock,70,110,180,60,60,50,3,FALSE,Lairon
8,Aipom,Normal,,55,70,55,40,55,85,2,FALSE,
9,Alakazam,Psychic,,55,50,45,135,95,120,1,FALSE,Kadabra
10,Alcremie,Fairy,,65,60,75,110,121,64,8,FALSE,Milcery
11,Alomomola,Water,,165,75,80,40,45,65,5,FALSE,
12,Altaria,Dragon,Flying,75,70,90,70,105,80,3,FALSE,Swablu
13,Amaura,Rock,Ice,77,59,50,67,63,46,6,FALSE,
14,Ambipom,Normal,,75,100,66,60,66,115,4,FALSE,Aipom
15,Amoonguss,Grass,Poison,114,85,70,85,80,30,5,FALSE,Foongus
16,Ampharos,Electric,,90,75,85,115,90,55,2,FALSE,Flaaffy
17,Annihilape,Fighting,Ghost,110,115,80,50,90,90,9,FALSE,Primeape
18,Anorith,Rock,Bug,45,95,50,40,50,75,3,FALSE,
19,Appletun,Grass,Dragon,110,85,80,100,80,30,8,FALSE,Applin
20,Applin,Grass,Dragon,40,40,80,40,40,20,8,FALSE,
21,Araquanid,Water,Bug,68,70,92,50,132,42,7,FALSE,Dewpider
22,Arbok,Poison,,60,95,69,65,79,80,1,FALSE,Ekans
23,Arboliva,Grass,Normal,78,69,90,125,109,39,9,FALSE,Dolliv
24,Arcanine,Fire,,90,110,80,100,80,95,1,FALSE,Growlithe
25,Arceus,Normal,,120,120,120,120,120,120,4,FALSE,
26,Archaludon,Steel,Dragon,90,105,130,125,65,85,9,FALSE,Duraludon
27,Archen,Rock,Flying,55,112,45,74,45,70,5,FALSE,
28,Archeops,Rock,Flying,75,140,65,112,65,110,5,FALSE,Archen
29,Arctibax,Dragon,Ice,90,95,66,45,65,62,9,FALSE,Frigibax
30,Arctovish,Water,Ice,90,90,100,80,90,55,8,FALSE,
31,Arctozolt,Electric,Ice,90,100,90,90,80,55,8,FALSE,
32,Ariados,Bug,Poison,70,90,70,60,70,40,2,FALSE,Spinarak
33,Armaldo,Rock,Bug,75,125,100,70,80,45,3,FALSE,Anorith
34,Armarouge,Fire,Psychic,85,60,100,125,80,75,9,FALSE,Charcadet
35,Aromatisse,Fairy,,101,72,72,99,89,29,6,FALSE,Spritzee
36,Aron,Steel,Rock,50,70,100,40,40,30,3,FALSE,
37,Arrokuda,Water,,41,63,40,40,30,66,8,FALSE,
38,Articuno,Ice,Flying,90,85,100,95,125,85,1,TRUE,
39,Audino,Normal,,103,60,86,60,86,50,5,FALSE,
40,Aurorus,Rock,Ice,123,77,72,99,92,58,6,FALSE,Amaura
41,Avalugg,Ice,,95,117,184,44,46,28,6,FALSE,Bergmite
42,Axew,Dragon,,46,87,60,30,40,57,5,FALSE,
43,Azelf,Psychic,,75,125,70,125,70,115,4,TRUE,
44,Azumarill,Water,Fairy,100,50,80,60,80,50,2,FALSE,Marill
45,Azurill,Normal,Fairy,50,20,40,20,40,20,3,FALSE,
46,Bagon,Dragon,,45,75,60,40,30,50,3,FALSE,
47,Baltoy,Ground,Psychic,40,40,55,40,70,55,3,FALSE,
48,Banette,Ghost,,64,115,65,83,63,65,3,FALSE,Shuppet
49,Barbaracle,Rock,Water,72,105,115,54,86,68,6,FALSE,Binacle
50,Barboach,Water,Ground,50,48,43,46,41,60,3,FALSE,
51,Barraskewda,Water,,61,123,60,60,50,136,8,FALSE,Arrokuda
52,Basculegion,Water,Ghost,120,112,65,80,75,78,8,FALSE,Basculin
53,Basculin,Water,,70,92,65,80,55,98,5,FALSE,
54,Bastiodon,Rock,Steel,60,52,168,47,138,30,4,FALSE,Shieldon
55,Baxcalibur,Dragon,Ice,115,145,92,75,86,87,9,FALSE,Arctibax
56,Bayleef,Grass,,60,62,80,63,80,60,2,FALSE,Chikorita
57,Beartic,Ice,,95,130,80,70,80,50,5,FALSE,Cubchoo
58,Beautifly,Bug,Flying,60,70,50,100,50,65,3,FALSE,Silcoon
59,Beedrill,Bug,Poison,65,90,40,45,80,75,1,FALSE,Kakuna
60,Beheeyem,Psychic,,75,75,75,125,95,40,5,FALSE,Elgyem
61,Beldum,Steel,Psychic,40,55,80,35,60,30,3,FALSE,
62,Bellibolt,Electric,,109,64,91,103,83,45,9,FALSE,Tadbulb
63,Bellossom,Grass,,75,80,95,90,100,50,2,FALSE,Gloom
64,Bellsprout,Grass,Poison,50,75,35,70,30,40,1,FALSE,
65,Bergmite,Ice,,55,69,85,32,35,28,6,FALSE,
66,Bewear,Normal,Fighting,120,125,80,55,60,60,7,FALSE,Stufful
67,Bibarel,Normal,Water,79,85,60,55,60,71,4,FALSE,Bidoof
68,Bidoof,Normal,,59,45,40,35,40,31,4,FALSE,
69,Binacle,Rock,Water,42,52,67,39,56,50,6,FALSE,
70,Bisharp,Dark,Steel,65,125,100,60,70,70,5,FALSE,Pawniard
71,Blacephalon,Fire,Ghost,53,127,53,151,79,107,7,FALSE,
72,Blastoise,Water,,79,83,100,85,105,78,1,FALSE,Wartortle
73,Blaziken,Fire,Fighting,80,120,70,110,70,80,3,FALSE,Combusken
74,Blipbug,Bug,,25,20,20,25,45,45,8,FALSE,
75,Blissey,Normal,,255,10,10,75,135,55,2,FALSE,Chansey
76,Blitzle,Electric,,45,60,32,50,32,76,5,FALSE,
77,Boldore,Rock,,70,105,105,50,40,20,5,FALSE,Roggenrola
78,Boltund,Electric,,69,90,60,90,60,121,8,FALSE,Yamper
79,Bombirdier,Flying,Dark,70,103,85,60,85,82,9,FALSE,
80,Bonsly,Rock,,50,80,95,10,45,10,4,FALSE,
81,Bouffalant,Normal,,95,110,95,40,95,55,5,FALSE,
82,Bounsweet,Grass,,42,30,38,30,38,32,7,FALSE,
83,Braixen,Fire,,59,59,58,90,70,73,6,FALSE,Fennekin
84,Brambleghast,Grass,Ghost,55,115,70,80,70,90,9,FALSE,Bramblin
85,Bramblin,Grass,Ghost,40,65,30,45,35,60,9,FALSE,
86,Braviary,Normal,Flying,100,123,75,57,75,80,5,FALSE,Rufflet
87,Breloom,Grass,Fighting,60,130,80,60,60,70,3,FALSE,Shroomish
88,Brionne,Water,,60,69,69,91,81,50,7,FALSE,Popplio
89,Bronzong,Steel,Psychic,67,89,116,79,116,33,4,FALSE,Bronzor
90,Bronzor,Steel,Psychic,57,24,86,24,86,23,4,FALSE,
91,Brute Bonnet,Grass,Dark,111,127,99,79,99,55,9,FALSE,
92,Bruxish,Water,Psychic,68,105,70,70,70,92,7,FALSE,
93,Budew,Grass,Poison,40,30,35,50,70,55,4,FALSE,
94,Buizel,Water,,55,65,35,60,30,85,4,FALSE,
95,Bulbasaur,Grass,Poison,45,49,49,65,65,45,1,FALSE,
96,Buneary,Normal,,55,66,44,44,56,85,4,FALSE,
97,Bunnelby,Normal,,38,36,38,32,36,57,6,FALSE,
98,Burmy,Bug,,40,29,45,29,45,36,4,FALSE,
99,Butterfree,Bug,Flying,60,45,50,90,80,70,1,FALSE,Metapod
100,Buzzwole,Bug,Fighting,107,139,139,53,53,79,7,FALSE,
101,Cacnea,Grass,,50,85,40,85,40,35,3,FALSE,
102,Cacturne,Grass,Dark,70,115,60,115,60,55,3,FALSE,Cacnea
103,Calyrex,Psychic,Grass,100,80,80,80,80,80,8,TRUE,
104,Camerupt,Fire,Ground,70,100,70,105,75,40,3,FALSE,Numel
105,Capsakid,Grass,,50,62,40,62,40,50,9,FALSE,
106,Carbink,Rock,Fairy,50,50,150,50,150,50,6,FALSE,
107,Carkol,Rock,Fire,80,60,90,60,70,50,8,FALSE,Rolycoly
108,Carnivine,Grass,,74,100,72,90,72,46,4,FALSE,
109,Carracosta,Water,Rock,74,108,133,83,65,32,5,FALSE,Tirtouga
110,Carvanha,Water,Dark,45,90,20,65,20,65,3,FALSE,
111,Cascoon,Bug,,50,35,55,25,25,15,3,FALSE,Wurmple
112,Castform,Normal,,70,70,70,70,70,70,3,FALSE,
113,Caterpie,Bug,,45,30,35,20,20,45,1,FALSE,
114,Celebi,Psychic,Grass,100,100,100,100,100,100,2,FALSE,
115,Celesteela,Steel,Flying,97,101,103,107,101,61,7,FALSE,
116,Centiskorch,Fire,Bug,100,115,65,90,90,65,8,FALSE,Sizzlipede
117,Ceruledge,Fire,Ghost,75,125,80,60,100,85,9,FALSE,Charcadet
118,Cetitan,Ice,,170,113,65,45,55,73,9,FALSE,Cetoddle
119,Cetoddle,Ice,,108,68,45,30,40,43,9,FALSE,
120,Chandelure,Ghost,Fire,60,55,90,145,90,80,5,FALSE,Lampent
121,Chansey,Normal,,250,5,5,35,105,50,1,FALSE,Happiny
122,Charcadet,Fire,,40,50,40,50,40,35,9,FALSE,
123,Charizard,Fire,Flying,78,84,78,109,85,100,1,FALSE,Charmeleon
124,Charjabug,Bug,Electric,57,82,95,55,75,36,7,FALSE,Grubbin
125,Charmander,Fire,,39,52,43,60,50,65,1,FALSE,
126,Charmeleon,Fire,,58,64,58,80,65,80,1,FALSE,Charmander
127,Chatot,Normal,Flying,76,65,45,92,42,91,4,FALSE,
128,Cherrim,Grass,,70,60,70,87,78,85,4,FALSE,Cherubi
129,Cherubi,Grass,,45,35,45,62,53,35,4,FALSE,
130,Chesnaught,Grass,Fighting,88,107,122,74,75,64,6,FALSE,Quilladin
131,Chespin,Grass,,56,61,65,48,45,38,6,FALSE,
132,Chewtle,Water,,50,64,50,38,38,44,8,FALSE,
133,Chi Yu,Dark,Fire,55,80,80,135,120,100,9,TRUE,
134,Chien Pao,Dark,Ice,80,120,80,90,65,135,9,TRUE,
135,Chikorita,Grass,,45,49,65,49,65,45,2,FALSE,
136,Chimchar,Fire,,44,58,44,58,44,61,4,FALSE,
137,Chimecho,Psychic,,75,50,80,95,90,65,3,FALSE,Chingling
138,Chinchou,Water,Electric,75,38,38,56,56,67,2,FALSE,
139,Chingling,Psychic,,45,30,50,65,50,45,4,FALSE,
140,Cinccino,Normal,,75,95,60,65,60,115,5,FALSE,Minccino
141,Cinderace,Fire,,80,116,75,65,75,119,8,FALSE,Raboot
142,Clamperl,Water,,35,64,85,74,55,32,3,FALSE,
143,Clauncher,Water,,50,53,62,58,63,44,6,FALSE,
144,Clawitzer,Water,,71,73,88,120,89,59,6,FALSE,Clauncher
145,Claydol,Ground,Psychic,60,70,105,70,120,75,3,FALSE,Baltoy
146,Clefable,Fairy,,95,70,73,95,90,60,1,FALSE,Clefairy
147,Clefairy,Fairy,,70,45,48,60,65,35,1,FALSE,Cleffa
148,Cleffa,Fairy,,50,25,28,45,55,15,2,FALSE,
149,Clobbopus,Fighting,,50,68,60,50,50,32,8,FALSE,
150,Clodsire,Poison,Ground,130,75,60,45,100,20,9,FALSE,Wooper
151,Cloyster,Water,Ice,50,95,180,85,45,70,1,FALSE,Shellder
152,Coalossal,Rock,Fire,110,80,120,80,90,30,8,FALSE,Carkol
153,Cobalion,Steel,Fighting,91,90,129,90,72,108,5,TRUE,
154,Cofagrigus,Ghost,,58,50,145,95,105,30,5,FALSE,Yamask
155,Combee,Bug,Flying,30,30,42,30,42,70,4,FALSE,
156,Combusken,Fire,Fighting,60,85,60,85,60,55,3,FALSE,Torchic
157,Comfey,Fairy,,51,52,90,82,110,100,7,FALSE,
158,Conkeldurr,Fighting,,105,140,95,55,65,45,5,FALSE,Gurdurr
159,Copperajah,Steel,,122,130,69,80,69,30,8,FALSE,Cufant
160,Corphish,Water,,43,80,65,50,35,35,3,FALSE,
161,Corsola,Water,Rock,65,55,95,65,95,35,2,FALSE,
162,Corviknight,Flying,Steel,98,87,105,53,85,67,8,FALSE,Corvisquire
163,Corvisquire,Flying,,68,67,55,43,55,77,8,FALSE,Rookidee
164,Cosmoem,Psychic,,43,29,131,29,131,37,7,TRUE,Cosmog
165,Cosmog,Psychic,,43,29,31,29,31,37,7,TRUE,
166,Cottonee,Grass,Fairy,40,27,60,37,50,66,5,FALSE,
167,Crabominable,Fighting,Ice,97,132,77,62,67,43,7,FALSE,Crabrawler
168,Crabrawler,Fighting,,47,82,57,42,47,63,7,FALSE,
169,Cradily,Rock,Grass,86,81,97,81,107,43,3,FALSE,Lileep
170,Cramorant,Flying,Water,70,85,55,85,95,85,8,FALSE,
171,Cranidos,Rock,,67,125,40,30,30,58,4,FALSE,
172,Crawdaunt,Water,Dark,63,120,85,90,55,55,3,FALSE,Corphish
173,Cresselia,Psychic,,120,70,110,75,120,85,4,TRUE,
174,Croagunk,Poison,Fighting,48,61,40,61,40,50,4,FALSE,
175,Crobat,Poison,Flying,85,90,80,70,80,130,2,FALSE,Golbat
176,Crocalor,Fire,,81,55,78,90,58,49,9,FALSE,Fuecoco
177,Croconaw,Water,,65,80,80,59,63,58,2,FALSE,Totodile
178,Crustle,Bug,Rock,70,105,125,65,75,45,5,FALSE,Dwebble
179,Cryogonal,Ice,,80,50,50,95,135,105,5,FALSE,
180,Cubchoo,Ice,,55,70,40,60,40,40,5,FALSE,
181,Cubone,Ground,,50,50,95,40,50,35,1,FALSE,
182,Cufant,Steel,,72,80,49,40,49,40,8,FALSE,
183,Cursola,Ghost,,60,95,50,145,130,30,8,FALSE,Corsola
184,Cutiefly,Bug,Fairy,40,45,40,55,40,84,7,FALSE,
185,Cyclizar,Dragon,Normal,70,95,65,85,65,121,9,FALSE,
186,Cyndaquil,Fire,,39,52,43,60,50,65,2,FALSE,
187,Dachsbun,Fairy,,57,80,115,50,80,95,9,FALSE,Fidough
188,Darkrai,Dark,,70,90,90,135,90,125,4,FALSE,
189,Darmanitan,Fire,,105,140,55,30,55,95,5,FALSE,Darumaka
190,Dartrix,Grass,Flying,78,75,75,70,70,52,7,FALSE,Rowlet
191,Darumaka,Fire,,70,90,45,15,45,50,5,FALSE,
192,Decidueye,Grass,Ghost,78,107,75,100,100,70,7,FALSE,Dartrix
193,Dedenne,Electric,Fairy,67,58,57,81,67,101,6,FALSE,
194,Deerling,Normal,Grass,60,60,50,40,50,75,5,FALSE,
195,Deino,Dark,Dragon,52,65,50,45,50,38,5,FALSE,
196,Delcatty,Normal,,70,65,65,55,55,90,3,FALSE,Skitty
197,Delibird,Ice,Flying,45,55,45,65,45,75,2,FALSE,
198,Delphox,Fire,Psychic,75,69,72,114,100,104,6,FALSE,Braixen
199,Deoxys,Psychic,,50,150,50,150,50,150,3,FALSE,
200,Dewgong,Water,Ice,90,70,80,70,95,70,1,FALSE,Seel
201,Dewott,Water,,75,75,60,83,60,60,5,FALSE,Oshawott
202,Dewpider,Water,Bug,38,40,52,40,72,27,7,FALSE,
203,Dhelmise,Ghost,Grass,70,131,100,86,90,40,7,FALSE,
204,Dialga,Steel,Dragon,100,120,120,150,100,90,4,TRUE,
205,Diancie,Rock,Fairy,50,100,150,100,150,50,6,FALSE,
206,Diggersby,Normal,Ground,85,56,77,50,77,78,6,FALSE,Bunnelby
207,Diglett,Ground,,10,55,25,35,45,95,1,FALSE,
208,Dipplin,Grass,Dragon,80,80,110,95,80,40,9,FALSE,Applin
209,Ditto,Normal,,48,48,48,48,48,48,1,FALSE,
210,Dodrio,Normal,Flying,60,110,70,60,60,110,1,FALSE,Doduo
211,Doduo,Normal,Flying,35,85,45,35,35,75,1,FALSE,
212,Dolliv,Grass,Normal,52,53,60,78,78,33,9,FALSE,Smoliv
213,Dondozo,Water,,150,100,115,65,65,35,9,FALSE,
214,Donphan,Ground,,90,120,120,60,60,50,2,FALSE,Phanpy
215,Dottler,Bug,Psychic,50,35,80,50,90,30,8,FALSE,Blipbug
216,Doublade,Steel,Ghost,59,110,150,45,49,35,6,FALSE,Honedge
217,Dracovish,Water,Dragon,90,90,100,70,80,75,8,FALSE,
218,Dracozolt,Electric,Dragon,90,100,90,80,70,75,8,FALSE,
219,Dragalge,Poison,Dragon,65,75,90,97,123,44,6,FALSE,Skrelp
220,Dragapult,Dragon,Ghost,88,120,75,100,75,142,8,FALSE,Drakloak
221,Dragonair,Dragon,,61,84,65,70,70,70,1,FALSE,Dratini
222,Dragonite,Dragon,Flying,91,134,95,100,100,80,1,FALSE,Dragonair
223,Drakloak,Dragon,Ghost,68,80,50,60,50,102,8,FALSE,Dreepy
224,Drampa,Normal,Dragon,78,60,85,135,91,36,7,FALSE,
225,Drapion,Poison,Dark,70,90,110,60,75,95,4,FALSE,Skorupi
226,Dratini,Dragon,,41,64,45,50,50,50,1,FALSE,
227,Drednaw,Water,Rock,90,115,90,48,68,74,8,FALSE,Chewtle
228,Dreepy,Dragon,Ghost,28,60,30,40,30,82,8,FALSE,
229,Drifblim,Ghost,Flying,150,80,44,90,54,80,4,FALSE,Drifloon
230,Drifloon,Ghost,Flying,90,50,34,60,44,70,4,FALSE,
231,Drilbur,Ground,,60,85,40,30,45,68,5,FALSE,
232,Drizzile,Water,,65,60,55,95,55,90,8,FALSE,Sobble
233,Drowzee,Psychic,,60,48,45,43,90,42,1,FALSE,
234,Druddigon,Dragon,,77,120,90,60,90,48,5,FALSE,
235,Dubwool,Normal,,72,80,100,60,90,88,8,FALSE,Wooloo
236,Ducklett,Water,Flying,62,44,50,44,50,55,5,FALSE,
237,Dugtrio,Ground,,35,100,50,50,70,120,1,FALSE,Diglett
238,Dunsparce,Normal,,100,70,70,65,65,45,2,FALSE,
239,Duosion,Psychic,,65,40,50,125,60,30,5,FALSE,Solosis
240,Duraludon,Steel,Dragon,70,95,115,120,50,85,8,FALSE,
241,Durant,Bug,Steel,58,109,112,48,48,109,5,FALSE,
242,Dusclops,Ghost,,40,70,130,60,130,25,3,FALSE,Duskull
243,Dusknoir,Ghost,,45,100,135,65,135,45,4,FALSE,Dusclops
244,Duskull,Ghost,,20,40,90,30,90,25,3,FALSE,
245,Dustox,Bug,Poison,60,50,70,50,90,65,3,FALSE,Cascoon
246,Dwebble,Bug,Rock,50,65,85,35,35,55,5,FALSE,
247,Eelektrik,Electric,,65,85,70,75,70,40,5,FALSE,Tynamo
248,Eelektross,Electric,,85,115,80,105,80,50,5,FALSE,Eelektrik
249,Eevee,Normal,,55,55,50,45,65,55,1,FALSE,
250,Eiscue,Ice,,75,80,110,65,90,50,8,FALSE,
251,Ekans,Poison,,35,60,44,40,54,55,1,FALSE,
252,Eldegoss,Grass,,60,50,90,80,120,60,8,FALSE,Gossifleur
253,Electabuzz,Electric,,65,83,57,95,85,105,1,FALSE,Elekid
254,Electivire,Electric,,75,123,67,95,85,95,4,FALSE,Electabuzz
255,Electrike,Electric,,40,45,40,65,40,65,3,FALSE,
256,Electrode,Electric,,60,50,70,80,80,150,1,FALSE,Voltorb
257,Elekid,Electric,,45,63,37,65,55,95,2,FALSE,
258,Elgyem,Psychic,,55,55,55,85,55,30,5,FALSE,
259,Emboar,Fire,Fighting,110,123,65,100,65,65,5,FALSE,Pignite
260,Emolga,Electric,Flying,55,75,60,75,60,103,5,FALSE,
261,Empoleon,Water,Steel,84,86,88,111,101,60,4,FALSE,Prinplup
262,Enamorus,Fairy,Flying,74,115,70,135,80,106,8,TRUE,
263,Entei,Fire,,115,115,85,90,75,100,2,TRUE,
264,Escavalier,Bug,Steel,70,135,105,60,105,20,5,FALSE,Karrablast
265,Espathra,Psychic,,95,60,60,101,60,105,9,FALSE,Flittle
266,Espeon,Psychic,,65,65,60,130,95,110,2,FALSE,Eevee
267,Espurr,Psychic,,62,48,54,63,60,68,6,FALSE,
268,Eternatus,Poison,Dragon,140,85,95,145,95,130,8,TRUE,
269,Excadrill,Ground,Steel,110,135,60,50,65,88,5,FALSE,Drilbur
270,Exeggcute,Grass,Psychic,60,40,80,60,45,40,1,FALSE,
271,Exeggutor,Grass,Psychic,95,95,85,125,75,55,1,FALSE,Exeggcute
272,Exploud,Normal,,104,91,63,91,73,68,3,FALSE,Loudred
273,Falinks,Fighting,,65,100,100,70,60,75,8,FALSE,
274,Farfetch_d,Normal,Flying,52,90,55,58,62,60,1,FALSE,
275,Farigiraf,Normal,Psychic,120,90,70,110,70,60,9,FALSE,Girafarig
276,Fearow,Normal,Flying,65,90,65,61,61,100,1,FALSE,Spearow
277,Feebas,Water,,20,15,20,10,55,80,3,FALSE,
278,Fennekin,Fire,,40,45,40,62,60,60,6,FALSE,
279,Feraligatr,Water,,85,105,100,79,83,78,2,FALSE,Croconaw
280,Ferroseed,Grass,Steel,44,50,91,24,86,10,5,FALSE,
281,Ferrothorn,Grass,Steel,74,94,131,54,116,20,5,FALSE,Ferroseed
282,Fezandipiti,Poison,Fairy,88,91,82,70,125,99,9,TRUE,
283,Fidough,Fairy,,37,55,70,30,55,65,9,FALSE,
284,Finizen,Water,,70,45,40,45,40,75,9,FALSE,
285,Finneon,Water,,49,49,56,49,61,66,4,FALSE,
286,Flaaffy,Electric,,70,55,55,80,60,45,2,FALSE,Mareep
287,Flabebe,Fairy,,44,38,39,61,79,42,6,FALSE,
288,Flamigo,Flying,Fighting,82,115,74,75,64,90,9,FALSE,
289,Flapple,Grass,Dragon,70,110,80,95,60,70,8,FALSE,Applin
290,Flareon,Fire,,65,130,60,95,110,65,1,FALSE,Eevee
291,Fletchinder,Fire,Flying,62,73,55,56,52,84,6,FALSE,Fletchling
292,Fletchling,Normal,Flying,45,50,43,40,38,62,6,FALSE,
293,Flittle,Psychic,,30,35,30,55,30,75,9,FALSE,
294,Floatzel,Water,,85,105,55,85,50,115,4,FALSE,Buizel
295,Floette,Fairy,,54,45,47,75,98,52,6,FALSE,Flabebe
296,Floragato,Grass,,61,80,63,60,63,83,9,FALSE,Sprigatito
297,Florges,Fairy,,78,65,68,112,154,75,6,FALSE,Floette
298,Flutter Mane,Ghost,Fairy,55,55,55,135,135,135,9,FALSE,
299,Flygon,Ground,Dragon,80,100,80,80,80,100,3,FALSE,Vibrava
300,Fomantis,Grass,,40,55,35,50,35,35,7,FALSE,
301,Foongus,Grass,Poison,69,55,45,55,55,15,5,FALSE,
302,Forretress,Bug,Steel,75,90,140,60,60,40,2,FALSE,Pineco
303,Fraxure,Dragon,,66,117,70,40,50,67,5,FALSE,Axew
304,Frigibax,Dragon,Ice,65,75,45,35,45,55,9,FALSE,
305,Frillish,Water,Ghost,55,40,50,65,85,40,5,FALSE,
306,Froakie,Water,,41,56,40,62,44,71,6,FALSE,
307,Frogadier,Water,,54,63,52,83,56,97,6,FALSE,Froakie
308,Froslass,Ice,Ghost,70,80,70,80,70,110,4,FALSE,Snorunt
309,Frosmoth,Ice,Bug,70,65,60,125,90,65,8,FALSE,Snom
310,Fuecoco,Fire,,67,45,59,63,40,36,9,FALSE,
311,Furfrou,Normal,,75,80,60,65,90,102,6,FALSE,
312,Furret,Normal,,85,76,64,45,55,90,2,FALSE,Sentret
313,Gabite,Dragon,Ground,68,90,65,50,55,82,4,FALSE,Gible
314,Gallade,Psychic,Fighting,68,125,65,65,115,80,4,FALSE,Kirlia
315,Galvantula,Bug,Electric,70,77,60,97,60,108,5,FALSE,Joltik
316,Garbodor,Poison,,80,95,82,60,82,75,5,FALSE,Trubbish
317,Garchomp,Dragon,Ground,108,130,95,80,85,102,4,FALSE,Gabite
318,Gardevoir,Psychic,Fairy,68,65,65,125,115,80,3,FALSE,Kirlia
319,Garganacl,Rock,,100,100,130,45,90,35,9,FALSE,Naclstack
320,Gastly,Ghost,Poison,30,35,30,100,35,80,1,FALSE,
321,Gastrodon,Water,Ground,111,83,68,92,82,39,4,FALSE,Shellos
322,Genesect,Bug,Steel,71,120,95,120,95,99,5,FALSE,
323,Gengar,Ghost,Poison,60,65,60,130,75,110,1,FALSE,Haunter
324,Geodude,Rock,Ground,40,80,100,30,30,20,1,FALSE,
325,Gholdengo,Steel,Ghost,87,60,95,133,91,84,9,FALSE,Gimmighoul
326,Gible,Dragon,Ground,58,70,45,40,45,42,4,FALSE,
327,Gigalith,Rock,,85,135,130,60,80,25,5,FALSE,Boldore
328,Gimmighoul,Ghost,,45,30,70,75,70,10,9,FALSE,
329,Girafarig,Normal,Psychic,70,80,65,90,65,85,2,FALSE,
330,Giratina,Ghost,Dragon,150,100,120,100,120,90,4,TRUE,
331,Glaceon,Ice,,65,60,110,130,95,65,4,FALSE,Eevee
332,Glalie,Ice,,80,80,80,80,80,80,3,FALSE,Snorunt
333,Glameow,Normal,,49,55,42,42,37,85,4,FALSE,
334,Glastrier,Ice,,100,145,130,65,110,30,8,TRUE,
335,Gligar,Ground,Flying,65,75,105,35,65,85,2,FALSE,
336,Glimmet,Rock,Poison,48,35,42,105,60,60,9,FALSE,
337,Glimmora,Rock,Poison,83,55,90,130,81,86,9,FALSE,Glimmet
338,Gliscor,Ground,Flying,75,95,125,45,75,95,4,FALSE,Gligar
339,Gloom,Grass,Poison,60,65,70,85,75,40,1,FALSE,Oddish
340,Gogoat,Grass,,123,100,62,97,81,68,6,FALSE,Skiddo
341,Golbat,Poison,Flying,75,80,70,65,75,90,1,FALSE,Zubat
342,Goldeen,Water,,45,67,60,35,50,63,1,FALSE,
343,Golduck,Water,,80,82,78,95,80,85,1,FALSE,Psyduck
344,Golem,Rock,Ground,80,120,130,55,65,45,1,FALSE,Graveler
345,Golett,Ground,Ghost,59,74,50,35,50,35,5,FALSE,
346,Golisopod,Bug,Water,75,125,140,60,90,40,7,FALSE,Wimpod
347,Golurk,Ground,Ghost,89,124,80,55,80,55,5,FALSE,Golett
348,Goodra,Dragon,,90,100,70,110,150,80,6,FALSE,Sliggoo
349,Goomy,Dragon,,45,50,35,55,75,40,6,FALSE,
350,Gorebyss,Water,,55,84,105,114,75,52,3,FALSE,Clamperl
351,Gossifleur,Grass,,40,40,60,40,60,10,8,FALSE,
352,Gothita,Psychic,,45,30,50,55,65,45,5,FALSE,
353,Gothitelle,Psychic,,70,55,95,95,110,65,5,FALSE,Gothorita
354,Gothorita,Psychic,,60,45,70,75,85,55,5,FALSE,Gothita
355,Gourgeist,Ghost,Grass,85,100,122,58,75,54,6,FALSE,
356,Grafaiai,Poison,Normal,63,95,65,80,72,110,9,FALSE,Shroodle
357,Granbull,Fairy,,90,120,75,60,60,45,2,FALSE,Snubbull
358,Grapploct,Fighting,,80,118,90,70,80,42,8,FALSE,Clobbopus
359,Graveler,Rock,Ground,55,95,115,45,45,35,1,FALSE,Geodude
360,Great Tusk,Ground,Fighting,115,131,131,53,53,87,9,FALSE,
361,Greavard,Ghost,,50,61,60,30,55,34,9,FALSE,
362,Greedent,Normal,,120,95,95,55,75,20,8,FALSE,Skwovet
363,Greninja,Water,Dark,72,95,67,103,71,122,6,FALSE,Frogadier
364,Grimer,Poison,,80,80,50,40,50,25,1,FALSE,
365,Grimmsnarl,Dark,Fairy,95,120,65,95,75,60,8,FALSE,Morgrem
366,Grookey,Grass,,50,65,50,40,40,65,8,FALSE,
367,Grotle,Grass,,75,89,85,55,65,36,4,FALSE,Turtwig
368,Groudon,Ground,,100,150,140,100,90,90,3,TRUE,
369,Grovyle,Grass,,50,65,45,85,65,95,3,FALSE,Treecko
370,Growlithe,Fire,,55,70,45,70,50,60,1,FALSE,
371,Grubbin,Bug,,47,62,45,55,45,46,7,FALSE,
372,Grumpig,Psychic,,80,45,65,90,110,80,3,FALSE,Spoink
373,Gulpin,Poison,,70,43,53,43,53,40,3,FALSE,
374,Gumshoos,Normal,,88,110,60,55,60,45,7,FALSE,Yungoos
375,Gurdurr,Fighting,,85,105,85,40,50,40,5,FALSE,Timburr
376,Guzzlord,Dark,Dragon,223,101,53,97,53,43,7,FALSE,
377,Gyarados,Water,Flying,95,125,79,60,100,81,1,FALSE,Magikarp
378,Hakamo O,Dragon,Fighting,55,75,90,65,70,65,7,FALSE,Jangmo-o
379,Happiny,Normal,,100,5,5,15,65,30,4,FALSE,
380,Hariyama,Fighting,,144,120,60,40,60,50,3,FALSE,Makuhita
381,Hatenna,Psychic,,42,30,45,56,53,39,8,FALSE,
382,Hatterene,Psychic,Fairy,57,90,95,136,103,29,8,FALSE,Hattrem
383,Hattrem,Psychic,,57,40,65,86,73,49,8,FALSE,Hatenna
384,Haunter,Ghost,Poison,45,50,45,115,55,95,1,FALSE,Gastly
385,Hawlucha,Fighting,Flying,78,92,75,74,63,118,6,FALSE,
386,Haxorus,Dragon,,76,147,90,60,70,97,5,FALSE,Fraxure
387,Heatmor,Fire,,85,97,66,105,66,65,5,FALSE,
388,Heatran,Fire,Steel,91,90,106,130,106,77,4,TRUE,
389,Heliolisk,Electric,Normal,62,55,52,109,94,109,6,FALSE,Helioptile
390,Helioptile,Electric,Normal,44,38,33,61,43,70,6,FALSE,
391,Heracross,Bug,Fighting,80,125,75,40,95,85,2,FALSE,
392,Herdier,Normal,,65,80,65,35,65,60,5,FALSE,Lillipup
393,Hippopotas,Ground,,68,72,78,38,42,32,4,FALSE,
394,Hippowdon,Ground,,108,112,118,68,72,47,4,FALSE,Hippopotas
395,Hitmonchan,Fighting,,50,105,79,35,110,76,1,FALSE,Tyrogue
396,Hitmonlee,Fighting,,50,120,53,35,110,87,1,FALSE,Tyrogue
397,Hitmontop,Fighting,,50,95,95,35,110,70,2,FALSE,Tyrogue
398,Ho Oh,Fire,Flying,106,130,90,110,154,90,2,TRUE,
399,Honchkrow,Dark,Flying,100,125,52,105,52,71,4,FALSE,Murkrow
400,Honedge,Steel,Ghost,45,80,100,35,37,28,6,FALSE,
401,Hoopa Hoopa,Psychic,Ghost,80,110,60,150,130,70,6,FALSE,
402,Hoothoot,Normal,Flying,60,30,30,36,56,50,2,FALSE,
403,Hoppip,Grass,Flying,35,35,40,35,55,50,2,FALSE,
404,Horsea,Water,,30,40,70,70,25,60,1,FALSE,
405,Houndoom,Dark,Fire,75,90,50,110,80,95,2,FALSE,Houndour
406,Houndour,Dark,Fire,45,60,30,80,50,65,2,FALSE,
407,Houndstone,Ghost,,72,101,100,50,97,68,9,FALSE,Greavard
408,Huntail,Water,,55,104,105,94,75,52,3,FALSE,Clamperl
409,Hydrapple,Grass,Dragon,106,80,110,120,80,44,9,FALSE,Dipplin
410,Hydreigon,Dark,Dragon,92,105,90,125,90,98,5,FALSE,Zweilous
411,Hypno,Psychic,,85,73,70,73,115,67,1,FALSE,Drowzee
412,Igglybuff,Normal,Fairy,90,30,15,40,20,15,2,FALSE,
413,Illumise,Bug,,65,47,75,73,85,85,3,FALSE,
414,Impidimp,Dark,Fairy,45,45,30,55,40,50,8,FALSE,
415,Incineroar,Fire,Dark,95,115,90,80,90,60,7,FALSE,Torracat
416,Indeedee,Psychic,Normal,60,65,55,105,95,95,8,FALSE,
417,Infernape,Fire,Fighting,76,104,71,104,71,108,4,FALSE,Monferno
418,Inkay,Dark,Psychic,53,54,53,37,46,45,6,FALSE,
419,Inteleon,Water,,70,85,65,125,65,120,8,FALSE,Drizzile
420,Iron Bundle,Ice,Water,56,80,114,124,60,136,9,FALSE,
421,Iron Crown,Steel,Psychic,90,72,100,122,108,98,9,FALSE,
422,Iron Hands,Fighting,Electric,154,140,108,50,68,50,9,FALSE,
423,Iron Jugulis,Dark,Flying,94,80,86,122,80,108,9,FALSE,
424,Iron Leaves,Grass,Psychic,90,130,88,70,108,104,9,FALSE,
425,Iron Moth,Fire,Poison,80,70,60,140,110,110,9,FALSE,
426,Iron Thorns,Rock,Electric,100,134,110,70,84,72,9,FALSE,
427,Iron Treads,Ground,Steel,90,112,120,72,70,106,9,FALSE,
428,Iron Valiant,Fairy,Fighting,74,130,90,120,60,116,9,FALSE,
429,Ivysaur,Grass,Poison,60,62,63,80,80,60,1,FALSE,Bulbasaur
430,Jangmo O,Dragon,,45,55,65,45,45,45,7,FALSE,
431,Jellicent,Water,Ghost,100,60,70,85,105,60,5,FALSE,Frillish
432,Jigglypuff,Normal,Fairy,115,45,20,45,25,20,1,FALSE,Igglybuff
433,Jirachi,Steel,Psychic,100,100,100,100,100,100,3,FALSE,
434,Jolteon,Electric,,65,65,60,110,95,130,1,FALSE,Eevee
435,Joltik,Bug,Electric,50,47,50,57,50,65,5,FALSE,
436,Jumpluff,Grass,Flying,75,55,70,55,95,110,2,FALSE,Skiploom
437,Jynx,Ice,Psychic,65,50,35,115,95,95,1,FALSE,Smoochum
438,Kabuto,Rock,Water,30,80,90,55,45,55,1,FALSE,
439,Kabutops,Rock,Water,60,115,105,65,70,80,1,FALSE,Kabuto
440,Kadabra,Psychic,,40,35,30,120,70,105,1,FALSE,Abra
441,Kakuna,Bug,Poison,45,25,50,25,25,35,1,FALSE,Weedle
442,Kangaskhan,Normal,,105,95,80,40,80,90,1,FALSE,
443,Karrablast,Bug,,50,75,45,40,45,60,5,FALSE,
444,Kartana,Grass,Steel,59,181,131,59,31,109,7,FALSE,
445,Kecleon,Normal,,60,90,70,60,120,40,3,FALSE,
446,Keldeo,Water,Fighting,91,72,90,129,90,108,5,FALSE,
447,Kilowattrel,Electric,Flying,70,70,60,105,60,125,9,FALSE,Wattrel
448,Kingambit,Dark,Steel,100,135,120,60,85,50,9,FALSE,Bisharp
449,Kingdra,Water,Dragon,75,95,95,95,95,85,2,FALSE,Seadra
450,Kingler,Water,,55,130,115,50,50,75,1,FALSE,Krabby
451,Kirlia,Psychic,Fairy,38,35,35,65,55,50,3,FALSE,Ralts
452,Klang,Steel,,60,80,95,70,85,50,5,FALSE,Klink
453,Klawf,Rock,,70,100,115,35,55,75,9,FALSE,
454,Kleavor,Bug,Rock,70,135,95,45,70,85,8,FALSE,Scyther
455,Klefki,Steel,Fairy,57,80,91,80,87,75,6,FALSE,
456,Klink,Steel,,40,55,70,45,60,30,5,FALSE,
457,Klinklang,Steel,,60,100,115,70,85,90,5,FALSE,Klang
458,Koffing,Poison,,40,65,95,60,45,35,1,FALSE,
459,Komala,Normal,,65,115,65,75,95,65,7,FALSE,
460,Kommo O,Dragon,Fighting,75,110,125,100,105,85,7,FALSE,Hakamo-o
461,Koraidon,Fighting,Dragon,100,135,115,85,100,135,9,TRUE,
462,Krabby,Water,,30,105,90,25,25,50,1,FALSE,
463,Kricketot,Bug,,37,25,41,25,41,25,4,FALSE,
464,Kricketune,Bug,,77,85,51,55,51,65,4,FALSE,Kricketot
465,Krokorok,Ground,Dark,60,82,45,45,45,74,5,FALSE,Sandile
466,Krookodile,Ground,Dark,95,117,80,65,70,92,5,FALSE,Krokorok
467,Kubfu,Fighting,,60,90,60,53,50,72,8,TRUE,
468,Kyogre,Water,,100,100,90,150,140,90,3,TRUE,
469,Kyurem,Dragon,Ice,125,130,90,130,90,95,5,TRUE,
470,Lairon,Steel,Rock,60,90,140,50,50,40,3,FALSE,Aron
471,Lampent,Ghost,Fire,60,40,60,95,60,55,5,FALSE,Litwick
472,Landorus,Ground,Flying,89,125,90,115,80,101,5,TRUE,
473,Lanturn,Water,Electric,125,58,58,76,76,67,2,FALSE,Chinchou
474,Lapras,Water,Ice,130,85,80,85,95,60,1,FALSE,
475,Larvesta,Bug,Fire,55,85,55,50,55,60,5,FALSE,
476,Larvitar,Rock,Ground,50,64,50,45,50,41,2,FALSE,
477,Latias,Dragon,Psychic,80,80,90,110,130,110,3,TRUE,
478,Latios,Dragon,Psychic,80,90,80,130,110,110,3,TRUE,
479,Leafeon,Grass,,65,110,130,60,65,95,4,FALSE,Eevee
480,Leavanny,Bug,Grass,75,103,80,70,80,92,5,FALSE,Swadloon
481,Lechonk,Normal,,54,45,40,35,45,35,9,FALSE,
482,Ledian,Bug,Flying,55,35,50,55,110,85,2,FALSE,Ledyba
483,Ledyba,Bug,Flying,40,20,30,40,80,55,2,FALSE,
484,Lickilicky,Normal,,110,85,95,80,95,50,4,FALSE,Lickitung
485,Lickitung,Normal,,90,55,75,60,75,30,1,FALSE,
486,Liepard,Dark,,64,88,50,88,50,106,5,FALSE,Purrloin
487,Lileep,Rock,Grass,66,41,77,61,87,23,3,FALSE,
488,Lilligant,Grass,,70,60,75,110,75,90,5,FALSE,Petilil
489,Lillipup,Normal,,45,60,45,25,45,55,5,FALSE,
490,Linoone,Normal,,78,70,61,50,61,100,3,FALSE,Zigzagoon
491,Litleo,Fire,Normal,62,50,58,73,54,72,6,FALSE,
492,Litten,Fire,,45,65,40,60,40,70,7,FALSE,
493,Litwick,Ghost,Fire,50,30,55,65,55,20,5,FALSE,
494,Lokix,Bug,Dark,71,102,78,52,55,92,9,FALSE,Nymble
495,Lombre,Water,Grass,60,50,50,60,70,50,3,FALSE,Lotad
496,Lopunny,Normal,,65,76,84,54,96,105,4,FALSE,Buneary
497,Lotad,Water,Grass,40,30,30,40,50,30,3,FALSE,
498,Loudred,Normal,,84,71,43,71,43,48,3,FALSE,Whismur
499,Lucario,Fighting,Steel,70,110,70,115,70,90,4,FALSE,Riolu
500,Ludicolo,Water,Grass,80,70,70,90,100,70,3,FALSE,Lombre
501,Lugia,Psychic,Flying,106,90,130,90,154,110,2,TRUE,
502,Lumineon,Water,,69,69,76,69,86,91,4,FALSE,Finneon
503,Lunala,Psychic,Ghost,137,113,89,137,107,97,7,TRUE,Cosmoem
504,Lunatone,Rock,Psychic,90,55,65,95,85,70,3,FALSE,
505,Lurantis,Grass,,70,105,90,80,90,45,7,FALSE,Fomantis
506,Luvdisc,Water,,43,30,55,40,65,97,3,FALSE,
507,Luxio,Electric,,60,85,49,60,49,60,4,FALSE,Shinx
508,Luxray,Electric,,80,120,79,95,79,70,4,FALSE,Luxio
509,Lycanroc Midday,Rock,,75,115,65,55,65,112,7,FALSE,Rockruff
510,Mabosstiff,Dark,,80,120,90,60,70,85,9,FALSE,Maschiff
511,Machamp,Fighting,,90,130,80,65,85,55,1,FALSE,Machoke
512,Machoke,Fighting,,80,100,70,50,60,45,1,FALSE,Machop
513,Machop,Fighting,,70,80,50,35,35,35,1,FALSE,
514,Magby,Fire,,45,75,37,70,55,83,2,FALSE,
515,Magcargo,Fire,Rock,60,50,120,90,80,30,2,FALSE,Slugma
516,Magearna,Steel,Fairy,80,95,115,130,115,65,7,FALSE,
517,Magikarp,Water,,20,10,55,15,20,80,1,FALSE,
518,Magmar,Fire,,65,95,57,100,85,93,1,FALSE,Magby
519,Magmortar,Fire,,75,95,67,125,95,83,4,FALSE,Magmar
520,Magnemite,Electric,Steel,25,35,70,95,55,45,1,FALSE,
521,Magneton,Electric,Steel,50,60,95,120,70,70,1,FALSE,Magnemite
522,Magnezone,Electric,Steel,70,70,115,130,90,60,4,FALSE,Magneton
523,Makuhita,Fighting,,72,60,30,20,30,25,3,FALSE,
524,Malamar,Dark,Psychic,86,92,88,68,75,73,6,FALSE,Inkay
525,Mamoswine,Ice,Ground,110,130,80,70,60,80,4,FALSE,Piloswine
526,Manaphy,Water,,100,100,100,100,100,100,4,FALSE,
527,Mandibuzz,Dark,Flying,110,65,105,55,95,80,5,FALSE,Vullaby
528,Manectric,Electric,,70,75,60,105,60,105,3,FALSE,Electrike
529,Mankey,Fighting,,40,80,35,35,45,70,1,FALSE,
530,Mantine,Water,Flying,85,40,70,80,140,70,2,FALSE,Mantyke
531,Mantyke,Water,Flying,45,20,50,60,120,50,4,FALSE,
532,Maractus,Grass,,75,86,67,106,67,60,5,FALSE,
533,Mareanie,Poison,Water,50,53,62,43,52,45,7,FALSE,
534,Mareep,Electric,,55,40,40,65,45,35,2,FALSE,
535,Marill,Water,Fairy,70,20,50,20,50,40,2,FALSE,Azurill
536,Marowak,Ground,,60,80,110,50,80,45,1,FALSE,Cubone
537,Marshadow,Fighting,Ghost,90,125,80,90,90,125,7,FALSE,
538,Marshtomp,Water,Ground,70,85,70,60,70,50,3,FALSE,Mudkip
539,Maschiff,Dark,,60,78,60,40,51,51,9,FALSE,
540,Masquerain,Bug,Flying,70,60,62,100,82,80,3,FALSE,Surskit
541,Maushold,Normal,,74,75,70,65,75,111,9,FALSE,Tandemaus
542,Mawile,Steel,Fairy,50,85,85,55,55,50,3,FALSE,
543,Medicham,Fighting,Psychic,60,60,75,60,75,80,3,FALSE,Meditite
544,Meditite,Fighting,Psychic,30,40,55,40,55,60,3,FALSE,
545,Mega Abomasnow,Grass,Ice,90,132,105,132,105,30,4,FALSE,
546,Mega Absol,Dark,,65,150,60,115,60,115,3,FALSE,
547,Mega Aerodactyl,Rock,Flying,80,135,85,70,95,150,1,FALSE,
548,Mega Aggron,Steel,,70,140,230,60,80,50,3,FALSE,
549,Mega Alakazam,Psychic,,55,50,65,175,95,150,1,FALSE,
550,Mega Altaria,Dragon,Fairy,75,110,110,110,105,80,3,FALSE,
551,Mega Ampharos,Electric,Dragon,90,95,105,165,110,45,2,FALSE,
552,Mega Audino,Normal,Fairy,103,60,126,80,126,50,5,FALSE,
553,Mega Banette,Ghost,,64,165,75,93,83,75,3,FALSE,
554,Mega Beedrill,Bug,Poison,65,150,40,15,80,145,1,FALSE,
555,Mega Blastoise,Water,,79,103,120,135,115,78,1,FALSE,
556,Mega Blaziken,Fire,Fighting,80,160,80,130,80,100,3,FALSE,
557,Mega Camerupt,Fire,Ground,70,120,100,145,105,20,3,FALSE,
558,Mega Charizard X,Fire,Dragon,78,130,111,130,85,100,1,FALSE,
559,Mega Charizard Y,Fire,Flying,78,104,78,159,115,100,1,FALSE,
560,Mega Diancie,Rock,Fairy,50,160,110,160,110,110,6,TRUE,
561,Mega Gallade,Psychic,Fighting,68,165,95,65,115,110,4,FALSE,
562,Mega Garchomp,Dragon,Ground,108,170,115,120,95,92,4,FALSE,
563,Mega Gardevoir,Psychic,Fairy,68,85,65,165,135,100,3,FALSE,
564,Mega Gengar,Ghost,Poison,60,65,80,170,95,130,1,FALSE,
565,Mega Glalie,Ice,,80,120,80,120,80,100,3,FALSE,
566,Mega Gyarados,Water,Dark,95,155,109,70,130,81,1,FALSE,
567,Mega Heracross,Bug,Fighting,80,185,115,40,105,75,2,FALSE,
568,Mega Houndoom,Dark,Fire,75,90,90,140,90,115,2,FALSE,
569,Mega Kangaskhan,Normal,,105,125,100,60,100,100,1,FALSE,
570,Mega Latias,Dragon,Psychic,80,100,120,140,150,110,3,TRUE,
571,Mega Latios,Dragon,Psychic,80,130,100,160,120,110,3,TRUE,
572,Mega Lopunny,Normal,Fighting,65,136,94,54,96,135,4,FALSE,
573,Mega Lucario,Fighting,Steel,70,145,88,140,70,112,4,FALSE,
574,Mega Manectric,Electric,,70,75,80,135,80,135,3,FALSE,
575,Mega Mawile,Steel,Fairy,50,105,125,55,95,50,3,FALSE,
576,Mega Medicham,Fighting,Psychic,60,100,85,80,85,100,3,FALSE,
577,Mega Metagross,Steel,Psychic,80,145,150,105,110,110,3,FALSE,
578,Mega Mewtwo X,Psychic,Fighting,106,190,100,154,100,130,1,TRUE,
579,Mega Mewtwo Y,Psychic,,106,150,70,194,120,140,1,TRUE,
580,Mega Pidgeot,Normal,Flying,83,80,80,135,80,121,1,FALSE,
581,Mega Pinsir,Bug,Flying,65,155,120,65,90,105,1,FALSE,
582,Mega Rayquaza,Dragon,Flying,105,180,100,180,100,115,3,TRUE,
583,Mega Sableye,Dark,Ghost,50,85,125,85,115,20,3,FALSE,
584,Mega Salamence,Dragon,Flying,95,145,130,120,90,120,3,FALSE,
585,Mega Sceptile,Grass,Dragon,70,110,75,145,85,145,3,FALSE,
586,Mega Scizor,Bug,Steel,70,150,140,65,100,75,2,FALSE,
587,Mega Sharpedo,Water,Dark,70,140,70,110,65,105,3,FALSE,
588,Mega Slowbro,Water,Psychic,95,75,180,130,80,30,1,FALSE,
589,Mega Steelix,Steel,Ground,75,125,230,55,95,30,2,FALSE,
590,Mega Swampert,Water,Ground,100,150,110,95,110,70,3,FALSE,
591,Mega Tyranitar,Rock,Dark,100,164,150,95,120,71,2,FALSE,
592,Mega Venusaur,Grass,Poison,80,100,123,122,120,80,1,FALSE,
593,Meganium,Grass,,80,82,100,83,100,80,2,FALSE,Bayleef
594,Melmetal,Steel,,135,143,143,80,65,34,7,FALSE,Meltan
595,Meloetta Aria,Normal,Psychic,100,77,77,128,128,90,5,FALSE,
596,Meltan,Steel,,46,65,65,55,35,34,7,FALSE,
597,Meowscarada,Grass,Dark,76,110,70,81,70,123,9,FALSE,Floragato
598,Meowstic,Psychic,,74,48,76,83,81,104,6,FALSE,Espurr
599,Meowth,Normal,,40,45,35,40,40,90,1,FALSE,
600,Mesprit,Psychic,,80,105,105,105,105,80,4,TRUE,
601,Metagross,Steel,Psychic,80,135,130,95,90,70,3,FALSE,Metang
602,Metang,Steel,Psychic,60,75,100,55,80,50,3,FALSE,Beldum
603,Metapod,Bug,,50,20,55,25,25,30,1,FALSE,Caterpie
604,Mew,Psychic,,100,100,100,100,100,100,1,FALSE,
605,Mewtwo,Psychic,,106,110,90,154,90,130,1,TRUE,
606,Mienfoo,Fighting,,45,85,50,55,50,65,5,FALSE,
607,Mienshao,Fighting,,65,125,60,95,60,105,5,FALSE,Mienfoo
608,Mightyena,Dark,,70,90,70,60,60,70,3,FALSE,Poochyena
609,Milcery,Fairy,,45,40,40,50,61,34,8,FALSE,
610,Milotic,Water,,95,60,79,100,125,81,3,FALSE,Feebas
611,Miltank,Normal,,95,80,105,40,70,100,2,FALSE,
612,Mime Jr,Psychic,Fairy,20,25,45,70,90,60,4,FALSE,
613,Mimikyu,Ghost,Fairy,55,90,80,50,105,96,7,FALSE,
614,Minccino,Normal,,55,50,40,40,40,75,5,FALSE,
615,Minior,Rock,Flying,60,60,100,60,100,60,7,FALSE,
616,Minun,Electric,,60,40,50,75,85,95,3,FALSE,
617,Miraidon,Electric,Dragon,100,85,100,135,115,135,9,TRUE,
618,Misdreavus,Ghost,,60,60,60,85,85,85,2,FALSE,
619,Mismagius,Ghost,,60,60,60,105,105,105,4,FALSE,Misdreavus
620,Moltres,Fire,Flying,90,100,90,125,85,90,1,TRUE,
621,Monferno,Fire,Fighting,64,78,52,78,52,81,4,FALSE,Chimchar
622,Morelull,Grass,Fairy,40,35,55,65,75,15,7,FALSE,
623,Morgrem,Dark,Fairy,65,60,45,75,55,70,8,FALSE,Impidimp
624,Morpeko,Electric,Dark,58,95,58,70,58,97,8,FALSE,
625,Mothim,Bug,Flying,70,94,50,94,50,66,4,FALSE,Burmy
626,Mr Mime,Psychic,Fairy,40,45,65,100,120,90,1,FALSE,Mime-jr
627,Mr Rime,Ice,Psychic,80,85,75,110,100,70,8,FALSE,Mr-mime
628,Mudbray,Ground,,70,100,70,45,55,45,7,FALSE,
629,Mudkip,Water,,50,70,50,50,50,40,3,FALSE,
630,Mudsdale,Ground,,100,125,100,55,85,35,7,FALSE,Mudbray
631,Muk,Poison,,105,105,75,65,100,50,1,FALSE,Grimer
632,Munchlax,Normal,,135,85,40,40,85,5,4,FALSE,
633,Munkidori,Poison,Psychic,88,75,66,130,90,106,9,TRUE,
634,Munna,Psychic,,76,25,45,67,55,24,5,FALSE,
635,Murkrow,Dark,Flying,60,85,42,85,42,91,2,FALSE,
636,Musharna,Psychic,,116,55,85,107,95,29,5,FALSE,Munna
637,Nacli,Rock,,55,55,75,35,35,25,9,FALSE,
638,Naclstack,Rock,,60,60,100,35,65,35,9,FALSE,Nacli
639,Naganadel,Poison,Dragon,73,73,73,127,73,121,7,FALSE,Poipole
640,Natu,Psychic,Flying,40,50,45,70,45,70,2,FALSE,
641,Necrozma,Psychic,,97,107,101,127,89,79,7,TRUE,
642,Nickit,Dark,,40,28,28,47,52,50,8,FALSE,
643,Nidoking,Poison,Ground,81,102,77,85,75,85,1,FALSE,Nidorino
644,Nidoqueen,Poison,Ground,90,92,87,75,85,76,1,FALSE,Nidorina
645,Nidoran,Poison,,46,57,40,40,40,50,1,FALSE,
646,Nidorina,Poison,,70,62,67,55,55,56,1,FALSE,Nidoran-f
647,Nidorino,Poison,,61,72,57,55,55,65,1,FALSE,Nidoran-m
648,Nihilego,Rock,Poison,109,53,47,127,131,103,7,FALSE,
649,Nincada,Bug,Ground,31,45,90,30,30,40,3,FALSE,
650,Ninetales,Fire,,73,76,75,81,100,100,1,FALSE,Vulpix
651,Ninjask,Bug,Flying,61,90,45,50,50,160,3,FALSE,Nincada
652,Noctowl,Normal,Flying,100,50,50,86,96,70,2,FALSE,Hoothoot
653,Noibat,Flying,Dragon,40,30,35,45,40,55,6,FALSE,
654,Noivern,Flying,Dragon,85,70,80,97,80,123,6,FALSE,Noibat
655,Nosepass,Rock,,30,45,135,45,90,30,3,FALSE,
656,Numel,Fire,Ground,60,60,40,65,45,35,3,FALSE,
657,Nuzleaf,Grass,Dark,70,70,40,60,40,60,3,FALSE,Seedot
658,Nymble,Bug,,33,46,40,21,25,45,9,FALSE,
659,Obstagoon,Dark,Normal,93,90,101,60,81,95,8,FALSE,Linoone
660,Octillery,Water,,75,105,75,105,75,45,2,FALSE,Remoraid
661,Oddish,Grass,Poison,45,50,55,75,65,30,1,FALSE,
662,Ogerpon,Grass,,80,120,84,60,96,110,9,TRUE,
663,Oinkologne,Normal,,110,100,75,59,80,65,9,FALSE,Lechonk
664,Okidogi,Poison,Fighting,88,128,115,58,86,80,9,TRUE,
665,Omanyte,Rock,Water,35,40,100,90,55,35,1,FALSE,
666,Omastar,Rock,Water,70,60,125,115,70,55,1,FALSE,Omanyte
667,Onix,Rock,Ground,35,45,160,30,45,70,1,FALSE,
668,Oranguru,Normal,Psychic,90,60,80,90,110,60,7,FALSE,
669,Orbeetle,Bug,Psychic,60,45,110,80,120,90,8,FALSE,Dottler
670,Oricorio Baile,Fire,Flying,75,70,70,98,70,93,7,FALSE,
671,Orthworm,Steel,,70,85,145,60,55,65,9,FALSE,
672,Oshawott,Water,,55,55,45,63,45,45,5,FALSE,
673,Overqwil,Dark,Poison,85,115,95,65,65,85,8,FALSE,Qwilfish
674,Pachirisu,Electric,,60,45,70,45,90,95,4,FALSE,
675,Palafin,Water,,100,70,72,53,62,100,9,FALSE,Finizen
676,Paldean Wooper,Poison,Ground,55,45,45,25,25,15,2,FALSE,
677,Palkia,Water,Dragon,90,120,100,150,120,100,4,TRUE,
678,Palossand,Ghost,Ground,85,75,110,100,75,35,7,FALSE,Sandygast
679,Palpitoad,Water,Ground,75,65,55,65,55,69,5,FALSE,Tympole
680,Pancham,Fighting,,67,82,62,46,48,43,6,FALSE,
681,Pangoro,Fighting,Dark,95,124,78,69,71,58,6,FALSE,Pancham
682,Panpour,Water,,50,53,48,53,48,64,5,FALSE,
683,Pansage,Grass,,50,53,48,53,48,64,5,FALSE,
684,Pansear,Fire,,50,53,48,53,48,64,5,FALSE,
685,Paras,Bug,Grass,35,70,55,45,55,25,1,FALSE,
686,Parasect,Bug,Grass,60,95,80,60,80,30,1,FALSE,Paras
687,Passimian,Fighting,,100,120,90,40,60,80,7,FALSE,
688,Patrat,Normal,,45,55,39,35,39,42,5,FALSE,
689,Pawmi,Electric,,45,50,20,40,25,60,9,FALSE,
690,Pawmo,Electric,Fighting,60,75,40,50,40,85,9,FALSE,Pawmi
691,Pawmot,Electric,Fighting,70,115,70,70,60,105,9,FALSE,Pawmo
692,Pawniard,Dark,Steel,45,85,70,40,40,60,5,FALSE,
693,Pecharunt,Poison,Ghost,88,88,160,88,88,88,9,FALSE,
694,Pelipper,Water,Flying,60,50,100,95,70,65,3,FALSE,Wingull
695,Perrserker,Steel,,70,110,100,50,60,50,8,FALSE,Meowth
696,Persian,Normal,,65,70,60,65,65,115,1,FALSE,Meowth
697,Petilil,Grass,,45,35,50,70,50,30,5,FALSE,
698,Phanpy,Ground,,90,60,60,40,40,40,2,FALSE,
699,Phantump,Ghost,Grass,43,70,48,50,60,38,6,FALSE,
700,Pheromosa,Bug,Fighting,71,137,37,137,37,151,7,FALSE,
701,Phione,Water,,80,80,80,80,80,80,4,FALSE,
702,Pichu,Electric,,20,40,15,35,35,60,2,FALSE,
703,Pidgeot,Normal,Flying,83,80,75,70,70,101,1,FALSE,Pidgeotto
704,Pidgeotto,Normal,Flying,63,60,55,50,50,71,1,FALSE,Pidgey
705,Pidgey,Normal,Flying,40,45,40,35,35,56,1,FALSE,
706,Pidove,Normal,Flying,50,55,50,36,30,43,5,FALSE,
707,Pignite,Fire,Fighting,90,93,55,70,55,55,5,FALSE,Tepig
708,Pikachu,Electric,,35,55,40,50,50,90,1,FALSE,Pichu
709,Pikipek,Normal,Flying,35,75,30,30,30,65,7,FALSE,
710,Piloswine,Ice,Ground,100,100,80,60,60,50,2,FALSE,Swinub
711,Pincurchin,Electric,,48,101,95,91,85,15,8,FALSE,
712,Pineco,Bug,,50,65,90,35,35,15,2,FALSE,
713,Pinsir,Bug,,65,125,100,55,70,85,1,FALSE,
714,Piplup,Water,,53,51,53,61,56,40,4,FALSE,
715,Plusle,Electric,,60,50,40,85,75,95,3,FALSE,
716,Poipole,Poison,,67,73,67,73,67,73,7,FALSE,
717,Politoed,Water,,90,75,75,90,100,70,2,FALSE,Poliwhirl
718,Poliwag,Water,,40,50,40,40,40,90,1,FALSE,
719,Poliwhirl,Water,,65,65,65,50,50,90,1,FALSE,Poliwag
720,Poliwrath,Water,Fighting,90,95,95,70,90,70,1,FALSE,Poliwhirl
721,Poltchageist,Grass,Ghost,40,45,45,74,54,50,9,FALSE,
722,Polteageist,Ghost,,60,65,65,134,114,70,8,FALSE,Sinistea
723,Ponyta,Fire,,50,85,55,65,65,90,1,FALSE,
724,Poochyena,Dark,,35,55,35,30,30,35,3,FALSE,
725,Popplio,Water,,50,54,54,66,56,40,7,FALSE,
726,Porygon,Normal,,65,60,70,85,75,40,1,FALSE,
727,Porygon 2,Normal,,85,80,90,105,95,60,2,FALSE,Porygon
728,Porygon Z,Normal,,85,80,70,135,75,90,4,FALSE,Porygon 2
729,Primarina,Water,Fairy,80,74,74,126,116,60,7,FALSE,Brionne
730,Primeape,Fighting,,65,105,60,60,70,95,1,FALSE,Mankey
731,Prinplup,Water,,64,66,68,81,76,50,4,FALSE,Piplup
732,Probopass,Rock,Steel,60,55,145,75,150,40,4,FALSE,Nosepass
733,Psyduck,Water,,50,52,48,65,50,55,1,FALSE,
734,Pumpkaboo,Ghost,Grass,59,66,70,44,55,41,6,FALSE,
735,Pupitar,Rock,Ground,70,84,70,65,70,51,2,FALSE,Larvitar
736,Purrloin,Dark,,41,50,37,50,37,66,5,FALSE,
737,Purugly,Normal,,71,82,64,64,59,112,4,FALSE,Glameow
738,Pyroar,Fire,Normal,86,68,72,109,66,106,6,FALSE,Litleo
739,Pyukumuku,Water,,55,60,130,30,130,5,7,FALSE,
740,Quagsire,Water,Ground,95,85,85,65,65,35,2,FALSE,Wooper
741,Quaquaval,Water,Fighting,85,120,80,85,75,85,9,FALSE,Quaxwell
742,Quaxly,Water,,55,65,45,50,45,50,9,FALSE,
743,Quaxwell,Water,,70,85,65,65,60,65,9,FALSE,Quaxly
744,Quilava,Fire,,58,64,58,80,65,80,2,FALSE,Cyndaquil
745,Quilladin,Grass,,61,78,95,56,58,57,6,FALSE,Chespin
746,Qwilfish,Water,Poison,65,95,85,55,55,85,2,FALSE,
747,Raboot,Fire,,65,86,60,55,60,94,8,FALSE,Scorbunny
748,Rabsca,Bug,Psychic,75,50,85,115,100,45,9,FALSE,Rellor
749,Raging Bolt,Electric,Dragon,125,73,91,137,89,75,9,FALSE,
750,Raichu,Electric,,60,90,55,90,80,110,1,FALSE,Pikachu
751,Raikou,Electric,,90,85,75,115,100,115,2,TRUE,
752,Ralts,Psychic,Fairy,28,25,25,45,35,40,3,FALSE,
753,Rampardos,Rock,,97,165,60,65,50,58,4,FALSE,Cranidos
754,Rapidash,Fire,,65,100,70,80,80,105,1,FALSE,Ponyta
755,Raticate,Normal,,55,81,60,50,70,97,1,FALSE,Rattata
756,Rattata,Normal,,30,56,35,25,35,72,1,FALSE,
757,Rayquaza,Dragon,Flying,105,150,90,150,90,95,3,TRUE,
758,Regice,Ice,,80,50,100,100,200,50,3,TRUE,
759,Regidrago,Dragon,,200,100,50,100,50,80,8,TRUE,
760,Regieleki,Electric,,80,100,50,100,50,200,8,TRUE,
761,Regigigas,Normal,,110,160,110,80,110,100,4,TRUE,
762,Regirock,Rock,,80,100,200,50,100,50,3,TRUE,
763,Registeel,Steel,,80,75,150,75,150,50,3,TRUE,
764,Relicanth,Water,Rock,100,90,130,45,65,55,3,FALSE,
765,Rellor,Bug,,41,50,60,31,58,30,9,FALSE,
766,Remoraid,Water,,35,65,35,65,35,65,2,FALSE,
767,Reshiram,Dragon,Fire,100,120,100,150,120,90,5,TRUE,
768,Reuniclus,Psychic,,110,65,75,125,85,30,5,FALSE,Duosion
769,Revavroom,Steel,Poison,80,119,90,54,67,90,9,FALSE,Varoom
770,Rhydon,Ground,Rock,105,130,120,45,45,40,1,FALSE,Rhyhorn
771,Rhyhorn,Ground,Rock,80,85,95,30,30,25,1,FALSE,
772,Rhyperior,Ground,Rock,115,140,130,55,55,40,4,FALSE,Rhydon
773,Ribombee,Bug,Fairy,60,55,60,95,70,124,7,FALSE,Cutiefly
774,Rillaboom,Grass,,100,125,90,60,70,85,8,FALSE,Thwackey
775,Riolu,Fighting,,40,70,40,35,40,60,4,FALSE,
776,Roaring Moon,Dragon,Dark,105,139,71,55,101,119,9,FALSE,
777,Rockruff,Rock,,45,65,40,30,40,60,7,FALSE,
778,Roggenrola,Rock,,55,75,85,25,25,15,5,FALSE,
779,Rolycoly,Rock,,30,40,50,40,50,30,8,FALSE,
780,Rookidee,Flying,,38,47,35,33,35,57,8,FALSE,
781,Roselia,Grass,Poison,50,60,45,100,80,65,3,FALSE,Budew
782,Roserade,Grass,Poison,60,70,65,125,105,90,4,FALSE,Roselia
783,Rotom,Electric,Ghost,50,50,77,95,77,91,4,FALSE,
784,Rowlet,Grass,Flying,68,55,55,50,50,42,7,FALSE,
785,Rufflet,Normal,Flying,70,83,50,37,50,60,5,FALSE,
786,Runerigus,Ground,Ghost,58,95,145,50,105,30,8,FALSE,Yamask
787,Sableye,Dark,Ghost,50,75,75,65,65,50,3,FALSE,
788,Salamence,Dragon,Flying,95,135,80,110,80,100,3,FALSE,Shelgon
789,Salandit,Poison,Fire,48,44,40,71,40,77,7,FALSE,
790,Salazzle,Poison,Fire,68,64,60,111,60,117,7,FALSE,Salandit
791,Samurott,Water,,95,100,85,108,70,70,5,FALSE,Dewott
792,Sandaconda,Ground,,72,107,125,65,70,71,8,FALSE,Silicobra
793,Sandile,Ground,Dark,50,72,35,35,35,65,5,FALSE,
794,Sandshrew,Ground,,50,75,85,20,30,40,1,FALSE,
795,Sandslash,Ground,,75,100,110,45,55,65,1,FALSE,Sandshrew
796,Sandy Shocks,Electric,Ground,85,81,97,121,85,101,9,FALSE,
797,Sandygast,Ghost,Ground,55,55,80,70,45,15,7,FALSE,
798,Sawk,Fighting,,75,125,75,30,75,85,5,FALSE,
799,Sawsbuck,Normal,Grass,80,100,70,60,70,95,5,FALSE,Deerling
800,Scatterbug,Bug,,38,35,40,27,25,35,6,FALSE,
801,Sceptile,Grass,,70,85,65,105,85,120,3,FALSE,Grovyle
802,Scizor,Bug,Steel,70,130,100,55,80,65,2,FALSE,Scyther
803,Scolipede,Bug,Poison,60,100,89,55,69,112,5,FALSE,Whirlipede
804,Scorbunny,Fire,,50,71,40,40,40,69,8,FALSE,
805,Scovillain,Grass,Fire,65,108,65,108,65,75,9,FALSE,Capsakid
806,Scrafty,Dark,Fighting,65,90,115,45,115,58,5,FALSE,Scraggy
807,Scraggy,Dark,Fighting,50,75,70,35,70,48,5,FALSE,
808,Scream Tail,Fairy,Psychic,115,65,99,65,115,111,9,FALSE,
809,Scyther,Bug,Flying,70,110,80,55,80,105,1,FALSE,
810,Seadra,Water,,55,65,95,95,45,85,1,FALSE,Horsea
811,Seaking,Water,,80,92,65,65,80,68,1,FALSE,Goldeen
812,Sealeo,Ice,Water,90,60,70,75,70,45,3,FALSE,Spheal
813,Seedot,Grass,,40,40,50,30,30,30,3,FALSE,
814,Seel,Water,,65,45,55,45,70,45,1,FALSE,
815,Seismitoad,Water,Ground,105,95,75,85,75,74,5,FALSE,Palpitoad
816,Sentret,Normal,,35,46,34,35,45,20,2,FALSE,
817,Serperior,Grass,,75,75,95,75,95,113,5,FALSE,Servine
818,Servine,Grass,,60,60,75,60,75,83,5,FALSE,Snivy
819,Seviper,Poison,,73,100,60,100,60,65,3,FALSE,
820,Sewaddle,Bug,Grass,45,53,70,40,60,42,5,FALSE,
821,Sharpedo,Water,Dark,70,120,40,95,40,95,3,FALSE,Carvanha
822,Shaymin,Grass,,100,100,100,100,100,100,4,FALSE,
823,Shedinja,Bug,Ghost,1,90,45,30,30,40,3,FALSE,Nincada
824,Shelgon,Dragon,,65,95,100,60,50,50,3,FALSE,Bagon
825,Shellder,Water,,30,65,100,45,25,40,1,FALSE,
826,Shellos,Water,,76,48,48,57,62,34,4,FALSE,
827,Shelmet,Bug,,50,40,85,40,65,25,5,FALSE,
828,Shieldon,Rock,Steel,30,42,118,42,88,30,4,FALSE,
829,Shiftry,Grass,Dark,90,100,60,90,60,80,3,FALSE,Nuzleaf
830,Shiinotic,Grass,Fairy,60,45,80,90,100,30,7,FALSE,Morelull
831,Shinx,Electric,,45,65,34,40,34,45,4,FALSE,
832,Shroodle,Poison,Normal,40,65,35,40,35,75,9,FALSE,
833,Shroomish,Grass,,60,40,60,40,60,35,3,FALSE,
834,Shuckle,Bug,Rock,20,10,230,10,230,5,2,FALSE,
835,Shuppet,Ghost,,44,75,35,63,33,45,3,FALSE,
836,Sigilyph,Psychic,Flying,72,58,80,103,80,97,5,FALSE,
837,Silcoon,Bug,,50,35,55,25,25,15,3,FALSE,Wurmple
838,Silicobra,Ground,,52,57,75,35,50,46,8,FALSE,
839,Silvally,Normal,,95,95,95,95,95,95,7,TRUE,Type-null
840,Simipour,Water,,75,98,63,98,63,101,5,FALSE,Panpour
841,Simisage,Grass,,75,98,63,98,63,101,5,FALSE,Pansage
842,Simisear,Fire,,75,98,63,98,63,101,5,FALSE,Pansear
843,Sinistcha,Grass,Ghost,71,60,106,121,80,70,9,FALSE,Poltchageist
844,Sinistea,Ghost,,40,45,45,74,54,50,8,FALSE,
845,Sirfetch_d,Fighting,,62,135,95,68,82,65,8,FALSE,Farfetch_d
846,Sizzlipede,Fire,Bug,50,65,45,50,50,45,8,FALSE,
847,Skarmory,Steel,Flying,65,80,140,40,70,70,2,FALSE,
848,Skeledirge,Fire,Ghost,104,75,100,110,75,66,9,FALSE,Crocalor
849,Skiddo,Grass,,66,65,48,62,57,52,6,FALSE,
850,Skiploom,Grass,Flying,55,45,50,45,65,80,2,FALSE,Hoppip
851,Skitty,Normal,,50,45,45,35,35,50,3,FALSE,
852,Skorupi,Poison,Bug,40,50,90,30,55,65,4,FALSE,
853,Skrelp,Poison,Water,50,60,60,60,60,30,6,FALSE,
854,Skuntank,Poison,Dark,103,93,67,71,61,84,4,FALSE,Stunky
855,Skwovet,Normal,,70,55,55,35,35,25,8,FALSE,
856,Slaking,Normal,,150,160,100,95,65,100,3,FALSE,Vigoroth
857,Slakoth,Normal,,60,60,60,35,35,30,3,FALSE,
858,Sliggoo,Dragon,,68,75,53,83,113,60,6,FALSE,Goomy
859,Slither Wing,Bug,Fighting,85,135,79,85,105,81,9,FALSE,
860,Slowbro,Water,Psychic,95,75,110,100,80,30,1,FALSE,Slowpoke
861,Slowking,Water,Psychic,95,75,80,100,110,30,2,FALSE,Slowpoke
862,Slowpoke,Water,Psychic,90,65,65,40,40,15,1,FALSE,
863,Slugma,Fire,,40,40,40,70,40,20,2,FALSE,
864,Slurpuff,Fairy,,82,80,86,85,75,72,6,FALSE,Swirlix
865,Smeargle,Normal,,55,20,35,20,45,75,2,FALSE,
866,Smoliv,Grass,Normal,41,35,45,58,51,30,9,FALSE,
867,Smoochum,Ice,Psychic,45,30,15,85,65,65,2,FALSE,
868,Sneasel,Dark,Ice,55,95,55,35,75,115,2,FALSE,
869,Sneasler,Fighting,Poison,80,130,60,40,80,120,8,FALSE,Sneasel
870,Snivy,Grass,,45,45,55,45,55,63,5,FALSE,
871,Snom,Ice,Bug,30,25,35,45,30,20,8,FALSE,
872,Snorlax,Normal,,160,110,65,65,110,30,1,FALSE,Munchlax
873,Snorunt,Ice,,50,50,50,50,50,50,3,FALSE,
874,Snover,Grass,Ice,60,62,50,62,60,40,4,FALSE,
875,Snubbull,Fairy,,60,80,50,40,40,30,2,FALSE,
876,Sobble,Water,,50,40,40,70,40,70,8,FALSE,
877,Solgaleo,Psychic,Steel,137,137,107,113,89,97,7,TRUE,Cosmoem
878,Solosis,Psychic,,45,30,40,105,50,20,5,FALSE,
879,Solrock,Rock,Psychic,90,95,85,55,65,70,3,FALSE,
880,Spearow,Normal,Flying,40,60,30,31,31,70,1,FALSE,
881,Spectrier,Ghost,,100,65,60,145,80,130,8,TRUE,
882,Spewpa,Bug,,45,22,60,27,30,29,6,FALSE,Scatterbug
883,Spheal,Ice,Water,70,40,50,55,50,25,3,FALSE,
884,Spidops,Bug,,60,79,92,52,86,35,9,FALSE,Tarountula
885,Spinarak,Bug,Poison,40,60,40,40,40,30,2,FALSE,
886,Spinda,Normal,,60,60,60,60,60,60,3,FALSE,
887,Spiritomb,Ghost,Dark,50,92,108,92,108,35,4,FALSE,
888,Spoink,Psychic,,60,25,35,70,80,60,3,FALSE,
889,Sprigatito,Grass,,40,61,54,45,45,65,9,FALSE,
890,Spritzee,Fairy,,78,52,60,63,65,23,6,FALSE,
891,Squawkabilly,Normal,Flying,82,96,51,45,51,92,9,FALSE,
892,Squirtle,Water,,44,48,65,50,64,43,1,FALSE,
893,Stakataka,Rock,Steel,61,131,211,53,101,13,7,FALSE,
894,Stantler,Normal,,73,95,62,85,65,85,2,FALSE,
895,Staraptor,Normal,Flying,85,120,70,50,60,100,4,FALSE,Staravia
896,Staravia,Normal,Flying,55,75,50,40,40,80,4,FALSE,Starly
897,Starly,Normal,Flying,40,55,30,30,30,60,4,FALSE,
898,Starmie,Water,Psychic,60,75,85,100,85,115,1,FALSE,Staryu
899,Staryu,Water,,30,45,55,70,55,85,1,FALSE,
900,Steelix,Steel,Ground,75,85,200,55,65,30,2,FALSE,Onix
901,Steenee,Grass,,52,40,48,40,48,62,7,FALSE,Bounsweet
902,Stonjourner,Rock,,100,125,135,20,20,70,8,FALSE,
903,Stoutland,Normal,,85,110,90,45,90,80,5,FALSE,Herdier
904,Stufful,Normal,Fighting,70,75,50,45,50,50,7,FALSE,
905,Stunfisk,Ground,Electric,109,66,84,81,99,32,5,FALSE,
906,Stunky,Poison,Dark,63,63,47,41,41,74,4,FALSE,
907,Sudowoodo,Rock,,70,100,115,30,65,30,2,FALSE,Bonsly
908,Suicune,Water,,100,75,115,90,115,85,2,TRUE,
909,Sunflora,Grass,,75,75,55,105,85,30,2,FALSE,Sunkern
910,Sunkern,Grass,,30,30,30,30,30,30,2,FALSE,
911,Surskit,Bug,Water,40,30,32,50,52,65,3,FALSE,
912,Swablu,Normal,Flying,45,40,60,40,75,50,3,FALSE,
913,Swadloon,Bug,Grass,55,63,90,50,80,42,5,FALSE,Sewaddle
914,Swalot,Poison,,100,73,83,73,83,55,3,FALSE,Gulpin
915,Swampert,Water,Ground,100,110,90,85,90,60,3,FALSE,Marshtomp
916,Swanna,Water,Flying,75,87,63,87,63,98,5,FALSE,Ducklett
917,Swellow,Normal,Flying,60,85,60,75,50,125,3,FALSE,Taillow
918,Swinub,Ice,Ground,50,50,40,30,30,50,2,FALSE,
919,Swirlix,Fairy,,62,48,66,59,57,49,6,FALSE,
920,Swoobat,Psychic,Flying,67,57,55,77,55,114,5,FALSE,Woobat
921,Sylveon,Fairy,,95,65,65,110,130,60,6,FALSE,Eevee
922,Tadbulb,Electric,,61,31,41,59,35,45,9,FALSE,
923,Taillow,Normal,Flying,40,55,30,30,30,85,3,FALSE,
924,Talonflame,Fire,Flying,78,81,71,74,69,126,6,FALSE,Fletchinder
925,Tandemaus,Normal,,50,50,45,40,45,75,9,FALSE,
926,Tangela,Grass,,65,55,115,100,40,60,1,FALSE,
927,Tangrowth,Grass,,100,100,125,110,50,50,4,FALSE,Tangela
928,Tapu Bulu,Grass,Fairy,70,130,115,85,95,75,7,TRUE,
929,Tapu Fini,Water,Fairy,70,75,115,95,130,85,7,TRUE,
930,Tapu Koko,Electric,Fairy,70,115,85,95,75,130,7,TRUE,
931,Tapu Lele,Psychic,Fairy,70,85,75,130,115,95,7,TRUE,
932,Tarountula,Bug,,35,41,45,29,40,20,9,FALSE,
933,Tatsugiri,Dragon,Water,68,50,60,120,95,82,9,FALSE,
934,Tauros,Normal,,75,100,95,40,70,110,1,FALSE,
935,Teddiursa,Normal,,60,80,50,50,50,40,2,FALSE,
936,Tentacool,Water,Poison,40,40,35,50,100,70,1,FALSE,
937,Tentacruel,Water,Poison,80,70,65,80,120,100,1,FALSE,Tentacool
938,Tepig,Fire,,65,63,45,45,45,45,5,FALSE,
939,Terapagos,Normal,,90,65,85,65,85,60,9,TRUE,
940,Terrakion,Rock,Fighting,91,129,90,72,90,108,5,TRUE,
941,Thievul,Dark,,70,58,58,87,92,90,8,FALSE,Nickit
942,Throh,Fighting,,120,100,85,30,85,45,5,FALSE,
943,Thundurus,Electric,Flying,79,115,70,125,80,111,5,TRUE,
944,Thwackey,Grass,,70,85,70,55,60,80,8,FALSE,Grookey
945,Timburr,Fighting,,75,80,55,25,35,35,5,FALSE,
946,Ting Lu,Dark,Ground,155,110,125,55,80,45,9,TRUE,
947,Tinkatink,Fairy,Steel,50,45,45,35,64,58,9,FALSE,
948,Tinkaton,Fairy,Steel,85,75,77,70,105,94,9,FALSE,Tinkatuff
949,Tinkatuff,Fairy,Steel,65,55,55,45,82,78,9,FALSE,Tinkatink
950,Tirtouga,Water,Rock,54,78,103,53,45,22,5,FALSE,
951,Toedscool,Ground,Grass,40,40,35,50,100,70,9,FALSE,
952,Toedscruel,Ground,Grass,80,70,65,80,120,100,9,FALSE,Toedscool
953,Togedemaru,Electric,Steel,65,98,63,40,73,96,7,FALSE,
954,Togekiss,Fairy,Flying,85,50,95,120,115,80,4,FALSE,Togetic
955,Togepi,Fairy,,35,20,65,40,65,20,2,FALSE,
956,Togetic,Fairy,Flying,55,40,85,80,105,40,2,FALSE,Togepi
957,Torchic,Fire,,45,60,40,70,50,45,3,FALSE,
958,Torkoal,Fire,,70,85,140,85,70,20,3,FALSE,
959,Tornadus,Flying,,79,115,70,125,80,111,5,TRUE,
960,Torracat,Fire,,65,85,50,80,50,90,7,FALSE,Litten
961,Torterra,Grass,Ground,95,109,105,75,85,56,4,FALSE,Grotle
962,Totodile,Water,,50,65,64,44,48,43,2,FALSE,
963,Toucannon,Normal,Flying,80,120,75,75,75,60,7,FALSE,Trumbeak
964,Toxapex,Poison,Water,50,63,152,53,142,35,7,FALSE,Mareanie
965,Toxel,Electric,Poison,40,38,35,54,35,40,8,FALSE,
966,Toxicroak,Poison,Fighting,83,106,65,86,65,85,4,FALSE,Croagunk
967,Toxtricity,Electric,Poison,75,98,70,114,70,75,8,FALSE,Toxel
968,Tranquill,Normal,Flying,62,77,62,50,42,65,5,FALSE,Pidove
969,Trapinch,Ground,,45,100,45,45,45,10,3,FALSE,
970,Treecko,Grass,,40,45,35,65,55,70,3,FALSE,
971,Trevenant,Ghost,Grass,85,110,76,65,82,56,6,FALSE,Phantump
972,Tropius,Grass,Flying,99,68,83,72,87,51,3,FALSE,
973,Trubbish,Poison,,50,50,62,40,62,65,5,FALSE,
974,Trumbeak,Normal,Flying,55,85,50,40,50,75,7,FALSE,Pikipek
975,Tsareena,Grass,,72,120,98,50,98,72,7,FALSE,Steenee
976,Turtonator,Fire,Dragon,60,78,135,91,85,36,7,FALSE,
977,Turtwig,Grass,,55,68,64,45,55,31,4,FALSE,
978,Tympole,Water,,50,50,40,50,40,64,5,FALSE,
979,Tynamo,Electric,,35,55,40,45,40,60,5,FALSE,
980,Type Null,Normal,,95,95,95,95,95,59,7,TRUE,
981,Typhlosion,Fire,,78,84,78,109,85,100,2,FALSE,Quilava
982,Tyranitar,Rock,Dark,100,134,110,95,100,61,2,FALSE,Pupitar
983,Tyrantrum,Rock,Dragon,82,121,119,69,59,71,6,FALSE,Tyrunt
984,Tyrogue,Fighting,,35,35,35,35,35,35,2,FALSE,
985,Tyrunt,Rock,Dragon,58,89,77,45,45,48,6,FALSE,
986,Umbreon,Dark,,95,65,110,60,130,65,2,FALSE,Eevee
987,Unfezant,Normal,Flying,80,115,80,65,55,93,5,FALSE,Tranquill
988,Unown,Psychic,,48,72,48,72,48,48,2,FALSE,
989,Ursaluna,Ground,Normal,130,140,105,45,80,50,8,FALSE,Ursaring
990,Ursaring,Normal,,90,130,75,75,75,55,2,FALSE,Teddiursa
991,Urshifu,Fighting,Dark,100,130,100,63,60,97,8,TRUE,Kubfu
992,Uxie,Psychic,,75,75,130,75,130,95,4,TRUE,
993,Vanillish,Ice,,51,65,65,80,75,59,5,FALSE,Vanillite
994,Vanillite,Ice,,36,50,50,65,60,44,5,FALSE,
995,Vanilluxe,Ice,,71,95,85,110,95,79,5,FALSE,Vanillish
996,Vaporeon,Water,,130,65,60,110,95,65,1,FALSE,Eevee
997,Varoom,Steel,Poison,45,70,63,30,45,47,9,FALSE,
998,Veluza,Water,Psychic,90,102,73,78,65,70,9,FALSE,
999,Venipede,Bug,Poison,30,45,59,30,39,57,5,FALSE,
1000,Venomoth,Bug,Poison,70,65,60,90,75,90,1,FALSE,Venonat
1001,Venonat,Bug,Poison,60,55,50,40,55,45,1,FALSE,
1002,Venusaur,Grass,Poison,80,82,83,100,100,80,1,FALSE,Ivysaur
1003,Vespiquen,Bug,Flying,70,80,102,80,102,40,4,FALSE,Combee
1004,Vibrava,Ground,Dragon,50,70,50,50,50,70,3,FALSE,Trapinch
1005,Victini,Psychic,Fire,100,100,100,100,100,100,5,FALSE,
1006,Victreebel,Grass,Poison,80,105,65,100,70,70,1,FALSE,Weepinbell
1007,Vigoroth,Normal,,80,80,80,55,55,90,3,FALSE,Slakoth
1008,Vikavolt,Bug,Electric,77,70,90,145,75,43,7,FALSE,Charjabug
1009,Vileplume,Grass,Poison,75,80,85,110,90,50,1,FALSE,Gloom
1010,Virizion,Grass,Fighting,91,90,72,90,129,108,5,TRUE,
1011,Vivillon,Bug,Flying,80,52,50,90,50,89,6,FALSE,Spewpa
1012,Volbeat,Bug,,65,73,75,47,85,85,3,FALSE,
1013,Volcanion,Fire,Water,80,110,120,130,90,70,6,FALSE,
1014,Volcarona,Bug,Fire,85,60,65,135,105,100,5,FALSE,Larvesta
1015,Voltorb,Electric,,40,30,50,55,55,100,1,FALSE,
1016,Vullaby,Dark,Flying,70,55,75,45,65,60,5,FALSE,
1017,Vulpix,Fire,,38,41,40,50,65,65,1,FALSE,
1018,Wailmer,Water,,130,70,35,70,35,60,3,FALSE,
1019,Wailord,Water,,170,90,45,90,45,60,3,FALSE,Wailmer
1020,Walking Wake,Water,Dragon,99,83,91,125,83,109,9,FALSE,
1021,Walrein,Ice,Water,110,80,90,95,90,65,3,FALSE,Sealeo
1022,Wartortle,Water,,59,63,80,65,80,58,1,FALSE,Squirtle
1023,Watchog,Normal,,60,85,69,60,69,77,5,FALSE,Patrat
1024,Wattrel,Electric,Flying,40,40,35,55,40,70,9,FALSE,
1025,Weavile,Dark,Ice,70,120,65,45,85,125,4,FALSE,Sneasel
1026,Weedle,Bug,Poison,40,35,30,20,20,50,1,FALSE,
1027,Weepinbell,Grass,Poison,65,90,50,85,45,55,1,FALSE,Bellsprout
1028,Weezing,Poison,,65,90,120,85,70,60,1,FALSE,Koffing
1029,Whimsicott,Grass,Fairy,60,67,85,77,75,116,5,FALSE,Cottonee
1030,Whirlipede,Bug,Poison,40,55,99,40,79,47,5,FALSE,Venipede
1031,Whiscash,Water,Ground,110,78,73,76,71,60,3,FALSE,Barboach
1032,Whismur,Normal,,64,51,23,51,23,28,3,FALSE,
1033,Wigglytuff,Normal,Fairy,140,70,45,85,50,45,1,FALSE,Jigglypuff
1034,Wiglett,Water,,10,55,25,35,25,95,9,FALSE,
1035,Wimpod,Bug,Water,25,35,40,20,30,80,7,FALSE,
1036,Wingull,Water,Flying,40,30,30,55,30,85,3,FALSE,
1037,Wishiwashi,Water,,45,20,20,25,25,40,7,FALSE,
1038,Wo Chien,Dark,Grass,85,85,100,95,135,70,9,TRUE,
1039,Wobbuffet,Psychic,,190,33,58,33,58,33,2,FALSE,Wynaut
1040,Woobat,Psychic,Flying,65,45,43,55,43,72,5,FALSE,
1041,Wooloo,Normal,,42,40,55,40,45,48,8,FALSE,
1042,Wooper,Water,Ground,55,45,45,25,25,15,2,FALSE,
1043,Wormadam,Bug,Grass,60,59,85,79,105,36,4,FALSE,Burmy
1044,Wugtrio,Water,,35,100,50,50,70,120,9,FALSE,Wiglett
1045,Wurmple,Bug,,45,45,35,20,30,20,3,FALSE,
1046,Wynaut,Psychic,,95,23,48,23,48,23,3,FALSE,
1047,Wyrdeer,Normal,Psychic,103,105,72,105,75,65,8,FALSE,Stantler
1048,Xatu,Psychic,Flying,65,75,70,95,70,95,2,FALSE,Natu
1049,Xerneas,Fairy,,126,131,95,131,98,99,6,TRUE,
1050,Xurkitree,Electric,,83,89,71,173,71,83,7,FALSE,
1051,Yamask,Ghost,,38,30,85,55,65,30,5,FALSE,
1052,Yamper,Electric,,59,45,50,40,50,26,8,FALSE,
1053,Yanma,Bug,Flying,65,65,45,75,45,95,2,FALSE,
1054,Yanmega,Bug,Flying,86,76,86,116,56,95,4,FALSE,Yanma
1055,Yungoos,Normal,,48,70,30,30,30,45,7,FALSE,
1056,Yveltal,Dark,Flying,126,131,95,131,98,99,6,TRUE,
1057,Zacian,Fairy,,92,120,115,80,115,138,8,TRUE,
1058,Zamazenta,Fighting,,92,120,115,80,115,138,8,TRUE,
1059,Zangoose,Normal,,73,115,60,60,60,90,3,FALSE,
1060,Zapdos,Electric,Flying,90,90,85,125,90,100,1,TRUE,
1061,Zarude,Dark,Grass,105,120,105,70,95,105,8,FALSE,
1062,Zebstrika,Electric,,75,100,63,80,63,116,5,FALSE,Blitzle
1063,Zekrom,Dragon,Electric,100,150,120,120,100,90,5,TRUE,
1064,Zeraora,Electric,,88,112,75,102,80,143,7,FALSE,
1065,Zigzagoon,Normal,,38,30,41,30,41,60,3,FALSE,
1066,Zoroark,Dark,,60,105,60,120,60,105,5,FALSE,Zorua
1067,Zorua,Dark,,40,65,40,80,40,65,5,FALSE,
1068,Zubat,Poison,Flying,40,45,35,30,40,55,1,FALSE,
1069,Zweilous,Dark,Dragon,72,85,70,65,70,58,5,FALSE,Deino
1070,Zygarde,Dragon,Ground,108,100,121,81,95,95,6,TRUE,
